var,VIF
FILUSD,1.11976111112037
daily_onboard_QAP,1.0208020779677764
Active Faults,1.0983276629167729
