series,adf_stat,adf_p,kpss_stat,kpss_p
Commit Pledge per 32GiB QAP,-1.8598671963931979,0.3511698330262504,0.47891995903908186,0.01
FIL-USD,-2.194318429522154,0.2083139979770529,0.46681579230350295,0.01
Network QA Power,-3.196985262201142,0.020159848611040723,1.371195632265358,0.01
gap,-1.869061753418934,0.34675242915825966,0.5243359676316415,0.01
