series,adf_stat,adf_p,kpss_stat,kpss_p
P_obs,-1.8598671963931979,0.3511698330262504,2.458491250018661,0.01
FILUSD,-2.1836536540369686,0.21223163742574774,2.9436163696675592,0.01
